PARK_NAME,name,ADDRESS,LONGITUDE,LATITUDE,URL
American Village Park,American Village Park,4703 American Dr.,-78.9719551,36.0235177,https://www.dprplaymore.org/facilities/facility/details/American-Village-Park-1
Bay-Hargrove Park,Bay-Hargrove Park,208 Hargrove St.,-78.896604,36.00475,https://www.dprplaymore.org/facilities/facility/details/BayHargrove-Park-2
Belmont Park,Belmont Park,2207 Sovereign St.,-78.927824,36.027199,https://www.dprplaymore.org/facilities/facility/details/Belmont-Park-3
Bethesda Park,Bethesda Park,1814 Stage Rd.,-78.8462896,35.9443655,https://www.dprplaymore.org/Facilities/Facility/Details/Bethesda-Park-4
Birchwood Park,Birchwood Park,3105 Hursey St.,-78.842596,35.980558,https://www.dprplaymore.org/facilities/facility/details/Birchwood-Park-5
Burch Avenue Park,Burch Avenue Park,816 Burch Ave.,-78.9158291,35.998407,https://www.dprplaymore.org/Facilities/Facility/Details/Burch-Avenue-Park-6
Burton Park,Burton Park,1501 Sima Ave.,-78.8888388,35.976508,https://www.dprplaymore.org/Facilities/Facility/Details/Burton-Park-7
C.M. Herndon Park,C.M. Herndon Park,511 Scott King Rd.,-78.9355421,35.8767672,https://www.dprplaymore.org/Facilities/Facility/Details/CM-Herndon-Park-8
C.R. Wood Park,C.R. Wood Park,417 Commonwealth Ave.,-78.861396,35.973114,https://www.dprplaymore.org/Facilities/Facility/Details/CR-Wood-Park-9
Campus Hills Park,Campus Hills Park,2000 S Alston Ave.,-78.890398,35.962403,https://www.dprplaymore.org/Facilities/Facility/Details/Campus-Hills-Park-10
Carroll Street Park,Carroll Street Park,815 Carroll St.,-78.915403,35.992985,https://www.dprplaymore.org/Facilities/Facility/Details/Carroll-Street-Park-11
Cook Road Park,Cook Road Park,602 Cook Rd.,-78.912923,35.952293,https://www.dprplaymore.org/Facilities/Facility/Details/Cook-Road-Park-12
Cornwallis Road Park,Cornwallis Road Park,2830 Wade Rd.,-78.9525115,35.97855,https://www.dprplaymore.org/Facilities/Facility/Details/Cornwallis-Road-Park-13
Crest Street Park,Crest Street Park,2503 Crest St.,-78.93764,36.012389,https://www.dprplaymore.org/Facilities/Facility/Details/Crest-Street-Park-14
"Downtown Durham, Dog Park","Downtown Durham, Dog Park",304 Elliott St.,-78.8955373,35.9967249,https://www.dprplaymore.org/Facilities/Facility/Details/Downtown-Durham-Dog-Park-15
Drew Granby Street Park,Drew Granby Street Park,1100 Drew St.,-78.8824531,36.0013839,https://www.dprplaymore.org/Facilities/Facility/Details/Drew-Granby-Park-16
Duke Park,Duke Park,106 W Knox St.,-78.892914,36.013789,https://www.dprplaymore.org/Facilities/Facility/Details/Duke-Park-17
"Durham, Central Park","Durham, Central Park",501 Foster St.,-78.9018375,36.0003991,https://durhamcentralpark.org
"East Durham, Park","East Durham, Park",2500 E Main St.,-78.87099,35.985406,https://www.dprplaymore.org/Facilities/Facility/Details/East-Durham-Park-19
East End Park,East End Park,1200 North Alston Ave.,-78.886867,35.997786,https://www.dprplaymore.org/Facilities/Facility/Details/East-End-Park-20
Edgemont Park,Edgemont Park,205 South Elm St.,-78.8920223,35.987725,https://www.dprplaymore.org/Facilities/Facility/Details/Edgemont-Park-22
Elmira Avenue Park,Elmira Avenue Park,540 Elmira Ave.,-78.903982,35.963029,https://www.dprplaymore.org/Facilities/Facility/Details/Elmira-Avenue-Park-23
Forest Hills Park,Forest Hills Park,1639 University Dr.,-78.9135968,35.979783,https://www.dprplaymore.org/Facilities/Facility/Details/Forest-Hills-Park-24
Garrett Road Park,Garrett Road Park,6815 Garrett Rd.,-78.9601225,35.922053,https://www.dprplaymore.org/Facilities/Facility/Details/Garrett-Road-Park-28
Glendale Heights Park,Glendale Heights Park,707 W Murray Ave.,-78.902399,36.027449,https://www.ghprf.com
Grant Park (north),Grant Park (north),918 Grant St.,-78.894967,35.9808949,https://www.dprplaymore.org/Facilities/Facility/Details/Grant-Park-north-30
Grant Park (south),Grant Park (south),1200 Grant St.,-78.895835,35.977433,https://www.dprplaymore.org/Facilities/Facility/Details/Grant-Park-south-31
Hillside Park,Hillside Park,1301 S Roxboro St.,-78.9028698,35.9809423,https://www.dprplaymore.org/Facilities/Facility/Details/Hillside-Park-32
Holly Grove Area,Holly Grove Area,163 Archery Range Rd.,-78.8588989,36.16586,https://www.dprplaymore.org/Facilities/Facility/Details/Holly-Grove-Area-35
Holt School Road Park,Holt School Road Park,4102 Holt School Rd.,-78.904848,36.055762,https://www.dprplaymore.org/Facilities/Facility/Details/Holt-School-Road-Park-36
Hoover Road Athletic Park,Hoover Road Athletic Park,632 North Hoover Rd.,-78.859084,36.002606,https://www.dprplaymore.org/Facilities/Facility/Details/merrick-moorepark-106
Indian Trail Park,Indian Trail Park,2309 Indian Trail,-78.9285594,36.0246744,https://www.dprplaymore.org/Facilities/Facility/Details/Indian-Trail-Park-37
Lake Michie,Lake Michie,2802 Bahama Rd.,-78.8566124,36.1725991,https://www.dprplaymore.org/Facilities/Facility/Details/Lake-Michie-Boathouse-38
Lakeview Park,Lakeview Park,3500 Dearborn Dr.,-78.877734,36.0386669,https://www.dprplaymore.org/Facilities/Facility/Details/Lakeview-Park-39
Leigh Farm Park,Leigh Farm Park,370 Leigh Farm Rd.,-78.9834279,35.9219998,https://www.dprplaymore.org/Facilities/Facility/Details/Leigh-Farm-Park-40
Little River Lake,Little River Lake,1500 Orange Factory Rd.,-78.871525,36.126858,https://www.dprplaymore.org/Facilities/Facility/Details/Little-River-Fishing-Facility-41
Long Meadow Park,Long Meadow Park,917 Liberty St.,-78.8846684,35.9934304,https://www.dprplaymore.org/Facilities/Facility/Details/Long-Meadow-Park-42
Lyon Park,Lyon Park,1200 W Lakewood Ave.,-78.9195246,35.9864712,https://www.dprplaymore.org/Facilities/Facility/Details/Lyon-Park-44
Maplewood Park,Maplewood Park,1530 Chapel Hill Rd.,-78.921894,35.993813,https://www.dprplaymore.org/Facilities/Facility/Details/Maplewood-Park-45
Morreene Road Park,Morreene Road Park,1102 Morreene Rd.,-78.9554941,36.0071556,https://www.dprplaymore.org/Facilities/Facility/Details/Morreene-Road-Park-46
Northgate Park,Northgate Park,300 W Club Blvd.,-78.896023,36.021173,https://www.dprplaymore.org/Facilities/Facility/Details/Northgate-Park-47
Oakwood Park,Oakwood Park,411 Holloway St.,-78.893895,35.994878,https://www.dprplaymore.org/Facilities/Facility/Details/Oakwood-Park-49
Old Chapel Hill Road Park,Old Chapel Hill Road Park,3751 SW Durham Dr.,-78.9801895,35.9492158,https://www.dprplaymore.org/Facilities/Facility/Details/Old-Chapel-Hill-Road-Park-50
Old Farm Road Park,Old Farm Road Park,7 Hedgerow Pl.,-78.897108,36.075961,https://www.dprplaymore.org/Facilities/Facility/Details/Old-Farm-Road-Park-51
"Old North Durham, Park","Old North Durham, Park",310 W Geer St.,-78.899727,36.004508,https://www.dprplaymore.org/Facilities/Facility/Details/Old-North-Durham-Park-52
Orchard Park,Orchard Park,1000 S Duke St.,-78.9097508,35.9886227,https://www.dprplaymore.org/Facilities/Facility/Details/Orchard-Park-53
Oval Drive Park,Oval Drive Park,2200 W Club Blvd.,-78.9280519,36.018075,https://www.dprplaymore.org/Facilities/Facility/Details/Oval-Drive-Park-54
Overlook Park,Overlook Park,2527 Bahama Rd.,-78.8606122,36.1749092,https://www.dprplaymore.org/Facilities/Facility/Details/Overlook-Park-55
Piney Wood Park,Piney Wood Park,400 E Woodcroft Pkwy.,-78.9203709,35.9148934,https://www.dprplaymore.org/Facilities/Facility/Details/Piney-Wood-Park-56
Red Maple Park,Red Maple Park,3320 Hinson Dr.,-78.8755643,36.0328436,https://www.dprplaymore.org/Facilities/Facility/Details/Red-Maple-Park-58
River Forest Park,River Forest Park,1000 Windermere Dr.,-78.9024127,36.07792,https://www.dprplaymore.org/Facilities/Facility/Details/River-Forest-Park-59
Rock Quarry Park,Rock Quarry Park,701 Stadium Dr.,-78.902429,36.0318029,https://www.dprplaymore.org/facilities/facility/details/Rock-Quarry-Park-60
Rockwood Park,Rockwood Park,2310 Whitley Dr.,-78.921445,35.973206,https://www.dprplaymore.org/Facilities/Facility/Details/Rockwood-Park-61
Rocky Creek Park,Rocky Creek Park,1014 N Elizabeth St.,-78.89022,36.002569,https://www.dprplaymore.org/Facilities/Facility/Details/Rocky-Creek-Park-62
Sandy Creek Park,Sandy Creek Park,3510 Sandy Creek Rd.,-78.968683,35.969523,https://www.dprplaymore.org/Facilities/Facility/Details/Sandy-Creek-Park-63
Shady Oaks Park,Shady Oaks Park,2400 Nebo St.,-78.8990572,35.9665876,https://www.dprplaymore.org/Facilities/Facility/Details/Shady-Oaks-Park-64
Sherwood Park,Sherwood Park,1720 Cheek Rd.,-78.871888,36.002996,https://www.dprplaymore.org/Facilities/Facility/Details/Sherwood-Park-65
Snow Hill Road Park,Snow Hill Road Park,619 Snow Hill Rd.,-78.8904359,36.110693,https://www.dprplaymore.org/Facilities/Facility/Details/Snow-Hill-Road-Park-66
Solite Park,Solite Park,4704 Fayetteville Rd.,-78.9108132,35.9359215,https://www.dprplaymore.org/Facilities/Facility/Details/Solite-Park-67
Southern Boundaries Park,Southern Boundaries Park,3400 Third Fork Rd.,-78.926518,35.956318,https://www.dprplaymore.org/Facilities/Facility/Details/Southern-Boundaries-Park-68
Spruce Pine Lodge,Spruce Pine Lodge,2235 Bahama Rd.,-78.8654388,36.1751644,https://www.dprplaymore.org/Facilities/Facility/Details/Spruce-Pine-Lodge-69
Trinity Park,Trinity Park,410 Watts St.,-78.9108229,36.0052365,https://trinitypark.org
Twin Lakes Park,Twin Lakes Park,439 Chandler Rd.,-78.8372155,35.995087,https://www.dprplaymore.org/Facilities/Facility/Details/Twin-Lakes-Park-71
Unity Village Park,Unity Village Park,2011 Matilene Ave.,-78.8850693,35.9651612,https://www.dprplaymore.org/Facilities/Facility/Details/Unity-Village-Park-72
Valley Springs Park,Valley Springs Park,3805 Valley Springs Rd.,-78.960888,36.053562,https://www.dprplaymore.org/Facilities/Facility/Details/Valley-Springs-Park-73
Walltown Park,Walltown Park,1308 W Club Blvd.,-78.9140609,36.0177246,https://www.dprplaymore.org/Facilities/Facility/Details/Walltown-Park-Recreation-Center-92
Weaver Street Park,Weaver Street Park,3000 E Weaver St.,-78.9096629,35.9679573,https://www.dprplaymore.org/Facilities/Facility/Details/Weaver-Street-Park-75
West Point on the Eno,West Point on the Eno,5101 N Roxboro Rd.,-78.9090325,36.0693491,https://www.enoriver.org/what-we-protect/parks/west-point-on-the-eno/
Westover Park,Westover Park,1900 Maryland Ave.,-78.9217021,36.0250948,https://www.dprplaymore.org/Facilities/Facility/Details/Westover-Park-78
Whippoorwill Park,Whippoorwill Park,1632 Rowemont Dr.,-78.9232984,36.0474321,https://www.dprplaymore.org/Facilities/Facility/Details/Whippoorwill-Park-79
White Oak Park,White Oak Park,2504 Dallas St.,-78.912645,35.972247,https://www.dprplaymore.org/Facilities/Facility/Details/White-Oak-Park-80
Wilkins Road Park,Wilkins Road Park,9301 Wilkins Rd.,-78.863183,36.176324,https://www.dprplaymore.org/Facilities/Facility/Details/Wilkins-Road-Park-81
Wrightwood Park,Wrightwood Park,1301 Anderson St.,-78.9321105,35.9866814,https://www.dprplaymore.org/Facilities/Facility/Details/Wrightwood-Park-83